Name,Ort,Webseite,Twitter,Kurzbeschreibung,Experimentierfelder,Finanzierung
1plusX,Hamburg,https://www.1plusx.com/,@1plusX,Data Management & Predictive Analytics Platform (From data to predictions - Artificial intelligence for digital sales and marketing.),Technology,Misc. Capital
Ada,Düsseldorf,https://join-ada.com/,@join_ada,"Es soll euch nicht so gehen wie der britischen Mathematikerin Ada Lovelace: Sie programmierte schon früh im 19. Jahrhundert die erste Rechenmaschine der Welt und sagte Anwendungsmöglichkeiten der neuen Technologie voraus, die moderne Computer heute erfüllen. Mit ihren Ideen überraschte Ada ihre Zeitgenoss*innen so unvorbereitet, dass ihr Genie lange unverstanden blieb. Und damit blieben die Möglichkeiten, die aus ihrer Erfindung hätten entstehen können, vorerst ungenutzt.
Dazu haben wir ada gestartet, unsere gemeinsame Erkundungsreise in das digitale Leben und die Wirtschaft der Zukunft.
Wie werden wir im Jahr 2030 leben? Welche Rolle spielt Deutschland im Zeitalter der Künstlichen Intelligenz? Und welche Grenzen brauchen Algorithmen? Das sind nur einige der Fragen, auf die wir gemeinsam mit euch Antworten suchen. Finden wir diese Antworten, dann könnten wir unser Ziel erreichen: Gemeinsam mit euch und führenden Partner*innen aus der deutschen Wirtschaft das Land der Dichter*innen und Denker*innen zu einer Gesellschaft digitaler Pionier*innen zu transformieren. ada ist unabhängiger Journalismus, Inspirationsquelle und Bühne für alle, von deren Gedanken über die Welt von Morgen wir profitieren können. Wir sind zuversichtlich, aber nicht naiv. Prägnant, aber nicht pauschal. Wohlwollend, aber nicht unkritisch. Realistisch, aber nicht zynisch.",Content,Misc. Capital
Adloop,Köln,http://adloop.eu/,@ad_loop,Online-Marketing (We're workin' on a machine that boosts the performance of your eCommerce to fly at maximum altitude.),Technology,Venture Capital
AdSeen,Paderborn,http://www.adseen.de/,@adseen_de,Affiliate Netzwerk,Technology,Venture Capital
AKINGO,"Düsseldorf, Berlin","https://akingo.com, https://ianfs.com, 
https://newsinitiative.withgoogle.com/dnifund/dni-projects/akingo/",@ianflorian,"Increase news websites' profitability (ad revenues) and competitiveness (user experience) by increasing reader engagement (visit depth, visits, articles read, shares, ad clicks) through a reverse proxy that delivers personalized versions of news sites based on reader, content and context analytics.",Technology,Grant
Alexandru Nita,München,https://eventspace.es,@seadow,"Alexandru war in seiner beruflichen Laufbahn als Programmierer, Designer sowie im Marketing und Sales tätig. Sein Ziel dabei - eines Tages das eigene Unternehmen zu gründen. 2017 hat Alexandru alle Programme des Medialab Bayern durchlaufen und befindet sich 2018 mit seinem Projekt, EventSpace, im aktuell 4. Batch des Media Satartup Fellowships. Die Vision hinter EventSpace ist, mit Hilfe von K.I. und interaktiven online Formaten, den Austausch in Special-Interest Communities zu ermöglichen und Menschen darüber im echten Leben, abseits der online Welt zusammenzubringen. Zu Beginn startet EventSpace als Plattform für digitale Satellite Events, die dazu dienen sollen, im Rahmen großer Konferenzen und Messen Teilnehmer besser zu vernetzen.","Technology, Audience Relationship",Grant
Anna Alberts,Berlin,https://openbudgets.com,"@OpenBudgetsEU
@Anna_Alberts","The OpenBudgets project created a platform that citizens, activists and journalists can use to analyse financial data from public bodies.","Audience Relationship, Funding",
AX Semantics,Stuttgart,https://www.ax-semantics.com,@axsemantics,"We live and breathe content. We are fascinated by the technological possibilities that enable language generation.
Our goal is to help everyone to create high-quality, personalized and consistent content in all languages.",Technology,Venture Capital
Axel Springer Plug and Play Accelerator,Berlin,http://www.axelspringerplugandplay.com/,@as_pnp,"We are a joint venture between the Plug and Play Tech Center and Axel Springer SE. They support us in every way possible. It also means we are not bound to one region, one topic, one opinion. We offer a global network and international opportunities. We manage and invest into our portfolio of 100+ companies that went through the Axel Springer Plug and Play Accelerator.","Technology, Content, Audience Relationship, Funding",Misc. Capital
Bento,Hamburg,https://bento.de,@bento_de,"bento ist das junge Angebot von SPIEGEL ONLINE. bento zeigt, was 18- bis 30-Jährige wirklich interessiert, was uns betrifft und wie wir dazu stehen. Weil es News überall und zu viel gibt, wählen wir aus, was wichtig für uns ist. bento gibt es im Web, auf dem Handy, auf Facebook und Instagram. Du erreichst uns auf Facebook oder per E-Mail.",Content,Misc. Capital
Bohème,München,http://boheme.io/,,"With Boheme App you can read latest issue of your favourite Magazines and Newspapers. and the best is you can read all of them for free if you are in any of our partner locations like Cafés, Restaurants, Hotels and a lot more.","Technology, Business Model",Venture Capital
Business Insider Deutschland,Karlsruhe,www.businessinsider.de, @BIDeutschland ,"Business Insider ist ein aus New York, USA, stammendes Unternehmen, das Nachrichtenseiten im Internet betreibt. Neben der amerikanischen Seite betreibt es auch Ausgaben für Australien, Indien, Malaysia, Indonesien, Singapur, China, Großbritannien und Südafrika.",Content,Misc. Capital
Business News Platform,Düsseldorf,https://newsinitiative.withgoogle.com/dnifund/dni-projects/business-news-platform/,@handelsblatt,"Die Handelsblatt Media Group entwickelt mit dem Fördergeld einen Aggregator für Wirtschaftsnachrichten. Das Projekt mit dem Arbeitstitel 'Business News Platform' ist darauf ausgelegt, Nachrichten über Unternehmen und aus dem Finanzsektor zu bündeln und ihnen jeweils eine Tonalität zuzuordnen (positiv, negativ oder neutral). Die Analyse soll in Echtzeit erfolgen und für Geschäftskunden in einer App oder einem Browser-Dashboard bereitgestellt werden.",Technology,Grant
Business Punk,Hamburg,https://www.business-punk.com,@BusinessPunkMag,"BUSINESS PUNK ist das Business-Lifestyle-Magazin für alle, die etwas bewegen wollen. Es geht um das laute, schnelle Leben, das hinter dem Business tobt. Es portraitiert Querdenker und Rebellen der Wirtschaftswelt, berichtet über Ideen, Innovationen und Trends. Große Erfolgsstorys einer jungen Unternehmergeneration werden mit der Popkultur des digitalen Zeitalters gemischt. BUSINESS PUNK spricht damit junge Leser an, die im Internet zu Hause sind und ebenso lebens- wie erfolgshungrig sind.",Content,Misc. Capital
BuzzFeed Deutschland,Berlin,"https://www.buzzfeed.com/de/
https://www.buzzfeed.com/de/danieldrepper/buzzfeed-news-deutschland-transparenz-reporterinnen-reporter","@BuzzFeedGermany
@BuzzFeedNewsDE","BuzzFeed ist ein 2006 gegründetes amerikanisches Medienunternehmen mit Sitz im Flatiron District in New York City. Die Website buzzfeed.com ist mit 150 Millionen Besuchern pro Monat eines der beliebtesten Medienportale im englischsprachigen Raum. Die Form des dort praktizierten Journalismus stellt eine Mischung aus Blog, Nachrichtenticker und Online-Magazin dar. Die meisten Artikel sind reich an Bildern und Videos und werden als Listicles, also in Listen geführt.","Content, Audience Relationship",Misc. Capital
Byou,Berlin,https://byou.bild.de,@byou,"News über Stars, Styles, YouTube, Tech, Sport und alles, was online passiert","Content, Audience Relationship",Misc. Capital
C-POP,Berlin,"https://innovation.dpa.com/2019/03/21/story-driven-reader-c-pop-newsflow-agencies-publishers/, https://innovation.dpa.com/2019/03/21/agenturen-verlage-c-pop-kooperation/, https://dpa.com",@dpa,"In dem Projekt ""C-POP"" (Content Performance Optimization Program) geht es um die Entwicklung und Erprobung eines integrierten Nachrichten-Zyklus, bei dem die Nachrichtenagentur Teile ihres Inhalte-Angebots nach den vom Verlagspartner gemessenen Nutzungsdaten steuert. Das Projekt solle dabei helfen, ""aus untreuen Usern loyale Kunden zu machen"".",Technology,Grant
Camperstyle,,https://de.camperstyle.net/,@CamperStyleDE,"Unsere Mission? Wir wollen Camping und Lifestyle verbinden, Camping-Einsteigern all die Tipps geben, die wir uns als Anfänger gewünscht hätten, euch unsere besten Camping-Hacks verraten und euch mit aktuellen Infos von Camping-Messen und anderen Events versorgen. Kurz: Euch eine Plattform bieten, auf der ihr alles Wissenswerte rund um die Themen Caravan und Camping kompakt aufbereitet findet!","Content, Audience Relationship",Venture Capital
Campfire Festival,Düsseldorf,https://campfirefestival.org/,@campfire_fest,Festival für eine bessere Gesellschaft,Audience Relationship,Misc. Capital
Carline Mohr,Berlin,https://www.mohrenpost.de/,@Mohrenpost,"Carline Mohr ist 33 Jahre alt und lebt in Berlin. In den vergangen Jahren arbeitete sie in verschiedenen Führungspositionen in großen Medienhäusern. Zuletzt war sie Chefin vom Dienst bei Spiegel Online, zuständig für Audience Development. Bis 2016 leitete sie das Social-Media-Team bei bild.de, wo sie auch auch das Viralteam aufbaute. Im November hat sie als Senior Editor bei der Looping Group angefangen, ein Brand Publishing House, das der Ex-Stern-Chefredakteur Dominik Wichmann gegründet hat. Dort leitet sie die Plattform-Strategie. 2017 schrieb sie ihren ihren ersten Roman geschrieben, ""Küssen kostet extra"". Im Netz ist sie zu finden als @mohrenpost",Audience Relationship,Employed
CeleraOne,Berlin,http://www.celeraone.com/,@celeraone,"CeleraOne unterstützt Verlage. CeleraOne unterstützt Verlage bei der Entwicklung von Paid Content Angeboten, User Data Management (SSO) und Audience Development. ""Market leader for paywalls""",Technology,Misc. Capital
Christopher Weckwerth,Berlin,,@c_weckwerth,Social Media Monitoring dpa,Technology,Employed
Civey,Berlin,https://civey.com/,@civey_de,"Erfahren Sie, was Deutschland denkt! Wir ermöglichen repräsentative Umfragen im Internet. Dabei sehen erstmals alle die Ergebnisse. Kostenlos und in Echtzeit.","Technology, Content",Venture Capital
Cleverpush,Hamburg,https://cleverpush.com/de/,@cleverpush_com,CleverPush ist ein Tool für die Implementierung von Push Benachrichtigungen in die eigene Webseite oder App. Mit Push Nachrichten binden Sie Nutzer an Ihre Webseite und steigern so Ihre Werbeumsätze.,Technology,Venture Capital
CommunicationAds,Nürnberg,https://www.communicationads.net/,,Spezialisiertes Affiliate Netzwerk,Technology,Misc. Capital
Contentflow,Berlin,https://contentflow.net,@contentflowlive,"The all-in-one live streaming platform. Contentflow allows media teams to distribute live content to increase reach, engagement and revenue.",Technology,Venture Capital
Conversational News,Halle,"https://newsinitiative.withgoogle.com/dnifund/dni-projects/conversational-news/, https://www.informatik.uni-halle.de/arbeitsgruppen/big_data_analytics/",@matthias_hagen,"Within this project, a prototype will be developed that brings written news articles from the web or print to smart speakers. A word processor component will enable journalists to semi-automatically adapt a text for a good user experience when read out by a smart speaker. A conversational smart speaker application will support an engaging news consumption with the possibility to ask for background information, etc.",Technology,Grant
CORRECTIV,"Essen, Berlin",https://correctiv.org,@correctiv_org,"Correctiv ist das erste gemeinnützige Recherchezentrum im deutschsprachigen Raum. Wir recherchieren langfristig zu Missständen in der Gesellschaft, fördern Medienkompetenz und führen Bildungsprogramme durch. Unsere Arbeit finanziert sich über Spenden von Bürgern und Stiftungen.","Audience Relationship, Content, Funding",Crowd-Funding
Daniel Drepper,Berlin,https://www.buzzfeed.com/de/danieldrepper/buzzfeed-news-deutschland-transparenz-reporterinnen-reporter,@danieldrepper,"Daniel Drepper ist Chefredakteur von BuzzFeed Deutschland. Für seine Recherchen erhielt unter anderem den Wächterpreis, den Axel-Springer-Preis und den Ernst-Schneider-Preis. / editor in chief @BuzzFeedGermany; board member @nrecherche. before: co-founder @correctiv_org; @columbiajourn. More: http://bzfd.it/ueber-news",Content,Employed
Daniel Fiene,Düsseldorf,https://danielfiene.com,@fiene,Digitalstrategie @RPONLINE. Moderator @Antenne Düsseldorf & @DLFnova. Gründer von @wasmitmedien. 2012 Co-Host @Rundshow.,"Content, Technology",Employed
Data Corrupter,Düsseldorf,"https://thedatacorrupter.org
https://www.grey.com
https://orange.handelsblatt.com",,"Browser-Plugin das digitale Filterblase platzen lässt: Jedes Mal, wenn ein Nutzer auf Facebook einen Post liked, addiert der Corrupter automatisch eine Vielzahl weiterer, zufällig ausgewählter Likes. Dem Nutzer selbst und seinem sozialen Netzwerk werden diese nicht angezeigt, für Analysten sind die Daten damit jedoch unbrauchbar.",Technology,Misc. Capital
Datawrapper,Bad Honnef,https://www.datawrapper.de/,@datawrapper,"Enrich your stories with charts, in seconds.","Technology, Content",Misc. Capital
Datenfreunde,"Hamburg, Berlin",https://datenfreunde.com,@datenfreunde,Wir sind spezialisiert auf Audio-Analysen und innovative Nachrichtendistribution. Unseren Kunden bieten wir qualitativ hochwertige Services für einen markengerechten Auftritt auf Smart Speakern und Voice Assistants.,"Technology, Content","Grant, Misc. Capital"
Deine Korrespondentin,Berlin,https://www.deine-korrespondentin.de,@deine_korri,"Wir erzählen andere Geschichten. Wir erzählen Geschichten anders.
Wir sind „Deine Korrespondentin“. Mit diesem digitalen Magazin wollen wir die Sichtbarkeit von Frauen erhöhen. Wir präsentieren: Die besten Geschichten von Frauen aus der ganzen Welt.

Wir, das sind zehn Korrespondentinnen, die in alle Himmelsrichtungen verteilt sind. Wir zeigen, was es heutzutage bedeutet, als multimediale Journalistin zu arbeiten. Wir sorgen für Transparenz und wirken damit auch der aktuellen Glaubwürdigkeitskrise der Medien entgegen.","Content, Audience Relationship",Misc. Capital
Dekoder,Hamburg,"https://dekoder.org, https://newsinitiative.withgoogle.com/dnifund/dni-projects/data-driven-donation-encourager/",@dekoder_org,Die Internetplattform dekoder.org (Eigenschreibung: дekoder oder dekoder bzw. dekoder.org) verbindet russischen Journalismus in deutscher Übersetzung mit kontextualisierenden Beiträgen europäischer Wissenschaftler. Der Slogan der Website lautet Russland entschlüsseln.,Content,Grant
Der Kontext,München,https://www.derkontext.com/,@DerKontext,"Das interaktive Hintergrundmagazin! Eintauchen. Entdecken. Verstehen. / Bei „Der Kontext“ gehst du auf eine spannende Entdeckungsreise durch komplexe Themen. Spielerisch, umfassend, mit Tiefgang.",Content,Venture Capital
Digger - Deepfake Detection,Bonn,newsinitiative.withgoogle.com/dnifund/dni-projects/digger-deepfake-detection/,@DeepfakeDigger,"Digger will detect deepfakes by using state-of-the-art audio forensics technologies. A project by @dw_innovation, @iLabATC and @Fraunhofer_IDMT",Technology,Grant
Digidip,Berlin,https://www.digidip.net,@digidip_net,The world's largest premium content and performance analytics network,Technology,Misc. Capital
Dirk von Gehlen,München,https://dirkvongehlen.de,@dvg,"Ich bin Journalist, Autor und Vortragsredner (Foto oben: Shruggie-Vortrag auf der TEDx-Münster) Ich lebe in München – und im Internet. Bei der Süddeutschen Zeitung leite ich die Abteilung Social Media / Innovation und befasse mich mit der digitalen Transformation von Kultur, Gesellschaft und Unternehmen. Ich schreibe Bücher (gerade ist das Shruggie-Buch ¯\_(ツ)_/¯ „Das Pragmatismus-Prinzip“ erschienen), halte Vorträge und gebe Seminare. Auf dieser Seite können Sie meine Vita und Fotos einsehen. Aktuell überlege ich, einen Heimat- und Brauchtumsverein für Menschen zu gründen, die im Internet Zuhause sind.",Content,Employed
docupy,Köln,www1.wdr.de/fernsehen/docupy,@docupy,Wir besetzen gesellschaftspolitische Themen dokumentarisch in Filmen und online. Mehrere Reporter fokussieren sich sechs Monate lang mit verschiedenen Blickwinkeln auf ein Thema. Dieses Mal: #Heimatland.,Content,Misc. Capital
dpa-newslab,Hamburg,"https://www.dpa.com/de/produkte-services/portale-apps-labs/newslab/,
https://innovation.dpa.com/","@dpa_newslab
@gkamp","Das in der Tochterfirma dpa-infocom GmbH angesiedelte dpa-newslab ist die Innovationseinheit der dpa Deutsche Presse-Agentur. Aktuelle Arbeitsschwerpunkte sind Research, Consulting und Produktentwicklung rund um die Themen APIs und Apps für die Inhalte der dpa-Gruppe sowie die Integration und Auswertung von Metadaten/Linked Data in Nachrichten-Feeds.",Technology,Misc. Capital
DW Innovation,"Berlin, Bonn",http://blogs.dw.com/innovation/,@dw_innovation,DW Innovation: DW ReCo + DW Lab. We work on tools and concepts to improve media production workflows and storytelling.,"Technology, Content",Misc. Capital
Edition F,Berlin,https://editionf.com,@editionf_com,"Das digitale Zuhause für Frauen, die sich in Job und Leben verwirklichen wollen. Und ihre Freunde.","Content, Audience Relationship",Misc. Capital
Editorial Insights Engine,Hamburg,"https://newsinitiative.withgoogle.com/dnifund/dni-projects/editorial-insights-engine/, bauerxcel.com, bauermedia.com","@bauermediagroup
@bauerxcel (gelöscht)","Bauer Xcel Media, die Digitaleinheit der Bauer Media Group, arbeitet an einem Datenanalyse-Tool. Dieses soll Datenmaterial aus verschiedenen Quellen einsammeln, verständlich aufbereiten und daraus Insights für Journalisten bereitstellen, die auf dieser Basis die Relevanz ihrer Inhalte für den Leser steigern können.",Technology,Misc. Capital
Electric Elephant Publishing,Hamburg,https://www.electricelephantpublishing.de/,@JorisZierold,"Electric Elephant Publishing arbeitet in einer Medienwelt, in der Print und digitale Formate um Nutzerrealitäten herum gestaltet werden. Unsere Inhalte entstehen aus der Interaktion und Kommunikation mit Usern, Unternehmen und Daten. Diese Medienwelt ist unser Atelier und alle, die mit uns in Austausch treten, werden Teil unserer Reise in die Zukunft der Medien.",Content,Venture Capital
F.A.Z. Personalisation: Content layers for a regional focus,Frankfurt,https://newsinitiative.withgoogle.com/dnifund/dni-projects/FAZ-personalisation/,@faznet,"Die FAZ arbeitet an einer technologischen Lösung, um im Digitalen mehr regionale Inhalte anbieten zu können. Im Fokus steht die FAZ.net News-App, in der Inhalte über die Rhein-Main-Region für Nutzer mit entsprechenden Interessen bereitgestellt werden sollen. Die Idee ist, durch einen höheren Grad an persönlicher Relevanz der Inhalte die Nutzerbindung zu erhöhen und damit die Conversion ins Abonnement zu steigern.",Technology,Grant
FactFox,München,https://www.factfox.io/,@factfoxDE,"Mit automatisierten Antworten soll die Arbeit für Social-Media-Redakteure vereinfacht werden. Das Tool ""FactFox"" schlägt dem Redakteur ""passgenau ermittelte Antwortmöglichkeiten auf Nutzerkommentare vor und ermöglicht so ein schnelleres Beantworten"", sagt Gründerin Miriam Mogge. Durch die automatische Erfassung neuer Fakten im Redaktionsalltag soll die Antwortdatenbank weiter wachsen. Erprobt wurde das Tool bereits von der Nachrichtenagentur dpa, jetzt soll die App weiter ergänzt und an Medienhäuser verkauft werden.",Technology,Venture Capital
FanMatics,Hamburg,https://fanmatics.com,@fanmatics,Convert with Social Rewards. Boost your signups with FanMatics. Let your audience unlock digital rewards through social interaction. Never mess with reward logistics ever again.,Technology,"Venture Capital, Misc. Capital"
Follow the Grant,Berlin,"https://hrist.io, https://portfolio.vaz.io",@hristio,"Mit Follow The Grant entsteht im Rahmen der MIZ-Innovationsförderung seit Anfang Juli ein gemeinnütziges Tool, das Daten zu möglichen Interessenskonflikten in der Forschung für JournalistInnen auffindbar macht.","Content, Technology",Grant
Friedrich Lindenberg,"Berlin, Sarajevo",http://pudo.org/,@pudo,Data guy and leak librarian. Working on tools for investigative reporting @occrp.,Technology,Employed
funk,Stuttgart,https://funk.net,"Nur in z.B.:
@Y_Kollektiv 
@jaegersammler 
@gutearbeit",funk [fʊŋk] ist ein Online-Medienangebot und Content-Netzwerk der ARD und des ZDF für Jugendliche und junge Erwachsene zwischen 14 und 29 Jahren.[1] ARD und ZDF sind gemeinsam Träger und gleichberechtigte rundfunkrechtliche Veranstalter des Angebots. Die Federführung liegt beim Südwestrundfunk (SWR).,"Organizational Structure, Content",Public Funding
GPStory,Berlin,"https://miz-babelsberg.de/gpstory, 
sansho.studio",@studio_sansho,"GPStory entwickelt GPS-basierte, datengesteuerte Hörspiel-Formate, die auf Bewegung und Interaktion der Nutzer reagieren.","Technology, Content, Audience Relationship",Grant
Greenhouse Innovation Lab,Hamburg,https://www.greenhouse.media/,@jue,"Greenhouse is Gruner+Jahr's innovation lab. We invest in internal and external start-up teams. By leveraging design thinking and lean start-up tools, we help them validate their ideas, build prototypes, develop business models, and deliver awesome products. 
G+J reaches readers and users in more than 30 countries with over 500 media activities, magazines and digital offers. In 2014, the G+J's net sales totaled €1.7bn.","Content, Technology, Business Model",Misc. Capital
Hannah Suppa,Hannover,www.madsack.de,"@hannah_suppa
@madsack","Mag Lokaljournalismus, die Menschen von nebenan und das Internet ❤️ / Chefredakteurin Digitale Transformation im Regionalen @madsack @rndnewsroom",Content,Employed
Harald Meier,,"https://smrfoundation.org, https://digitalspacelab.com",,"Harald is network analyst with geographical background. He founded the Digital Space Lab in 2011 where he conducts a variety of network analyses on social, economic and political topics. In 2015 Harald joined team NodeXL at the Social Media Research Foundation and is an expert in analyzing and visualizing network data. Digital Space Lab: ""Our work is divided into two main areas: The first major field of work is the development of the research methodology and the programming of an appropriate research software. The second major field of work includes the production of individually tailored network analyses in the light of different discourses on globalization.""",Technology,Misc. Capital
Helloguide,Hamburg,https://helloguide.ai,@helloguide_ai,Engage Your Mobile Audience. Upload your content and get a ready-to-use chatbot.,"Technology, Content","Venture Capital, Misc. Capital"
Hendrik Lehmann,Berlin,"https://digitalpresent.tagesspiegel.de/
https://kress.de/news/detail/beitrag/141979-hendrik-lehmann-leitet-neues-tagesspiegel-innovation-lab.html",@plateauton,"Journalist. Head of @Tagesspiegel Innovation Lab. Team #radmesser. Founder of @BerlinDigital. #dataviz, #JoT, #berlin, digital sociology & urban politics.","Technology, Content",Employed
HHLab,Hamburg,"https://www.hhlab.de
https://newsinitiative.withgoogle.com/dnifund/dni-projects/learning-content/, https://www.hhlab.de/learning-content/","@HHLAB_de
@Dreykluft","Das HHLab ist die F&E-Einheit für digitalen Journalismus von @noz_de, @shz_de und @SVZonline. / Die NOZ Medien arbeitet derweil in ihrem Entwicklungslabor HH Lab in Hamburg an einer Technologie zur interessensbasierten Aussteuerung von Inhalten. Das Projekt trägt den Namen 'Learning Content' und soll genau das leisten: ein Tool, dass Artikel- und Themenempfehlungen auf Basis der Verhaltensweisen der Nutzer gibt. Damit sollen die von Facebook und Google bekannten Mechanismen, Nutzern Inhalte entsprechend ihrer Interessen und ihres Verhaltens anzubieten, künftig auch von Verlagen für deren Angebote genutzt werden können.","Technology, Content",Misc. Capital
Hostwriter,Berlin,hostwriter.org,@Hostwriter,Award-winning network that helps journalists to easily collaborate across borders.,"Technology, Audience Relationship",Misc. Capital
Huffpost Deutschland,München,"https://www.huffingtonpost.de/
https://www.morgenpost.de/wirtschaft/article216184759/Deutsche-Huffington-Post-wird-Ende-Maerz-eingestellt.html",@HuffPostDE,"Die Seite für aktuelle Nachrichten, kontroverse Meinungen und den konstruktiven Blick auf die Welt.",,Misc. Capital
hyScore,,https://www.hyscore.io,@hyscoreio,"hyScore, a Berlin-based company founded in May 2017, is an independent, cross-industry provider of innovative Natural Language Processing (NLP) solutions combined with Machine Learning (ML). With the flexible hyScore solutions, texts, websites, audios and videos can be analyzed in real time. The technology can be individually trained and adapted to special requirements.",Technology,Misc. Capital
Identifying & Monetising Evergreen Content,Münster,"https://newsinitiative.withgoogle.com/dnifund/dni-projects/identifying-monetising-evergreen-content-round-5/
 aschendorff.de/",,"Readers love the relevant reading mix of up-to-date articles and interesting “evergreens"". Evergreen content is articles that stay relevant for long periods of time. We want to develop a smart content scoring model that allows us to identify, foster and monetise evergreen content. Articles with high scores are relevant to the readers and remain in the reading offer. This increases the reach, the loyalty of the reader and his willingness to pay for content. Evergreen content adds value to a paid digital membership.","Technology, Content",Grant
InnoLab der HMS,Hamburg,"https://www.hamburgmediaschool.com/forschung-labs/labs/innolab
https://www.mediummagazin.de/haltung-bitte/","@HHMediaSchool
@Augstein","Im InnoLab der HMS wird den Medieninnovationen und Branchentrends von morgen und übermorgen nachgespürt. Durch die systematische Analyse von Innovationen und Trends in den Bereichen Medien, Marketing und Management wird so wertvolles Zukunftswissen generiert.","Technology, Funding",Misc. Capital
Ippen Digital,München,https://ippen-digital.de,@ID_gmbh,Vier Schichten machen die Publishing-Plattform von Ippen Digital aus. Als digitales Full-Service-Angebot ermöglicht sie auch externen Verlagen überdurchschnittliches Wachstum.,Technology,Misc. Capital
Isabelle Klein,"Köln, Leipzig","https://detektor.com, geschichten.detektor.fm/musik/pop-ist-kein-weisser-heterosexueller-mann/, www.miz-babelsberg.de/klick-pop, isabelleklein.de",@huiahoi,"Isabelle Klein und André Beyer zusammen mit detektor.fm für ihre musikjournalistische Scrollytelling-Doku ""Pop ist kein weißer, heterosexueller Mann"" mit dem International Music Journalism Award 2017 (IMJA) in der Kategorie „Beste musikjournalistische Arbeit U30“ ausgezeichnet!",Content,Employed
Isabelle Sonnenfeld,Berlin,https://newsinitiative.withgoogle.com/google-news-lab,@isasun,"Isa Sonnenfeld leitet seit 2015 das Google News Lab für Deutschland, Österreich und die Schweiz. In ihrer Funktion arbeitet sie mit Verlagen, Redaktionen und Journalisten sowie Medien-Startups zusammen daran, Innovation im digitalen Journalismus zu stärken und ein nachhaltiges Nachrichten-Ökosystem zu schaffen. Bevor Isa Sonnenfeld im Oktober 2015 zu Google kam war sie 2011 die erste Angestellte bei Twitter Deutschland. In ihrer Funktion als Head of News, Government & Politics für die DACH-Region war sie verantwortlich für den Markteinstieg, die Geschäftsentwicklung und die Zusammenarbeit mit politischen Organisationen sowie der Medienbranche. 2015 rief sie die Event- und Podcastreihe RoleModels ins Leben, um weibliche Vorbilder sichtbarer zu machen. 2018 wurde sie von Edition F. als eine von „25 Frauen, die unsere Wirtschaft revolutionieren“ ausgezeichnet.",Technology,Employed
Jakob Vicari,"Berlin, Lüneburg",https://jakobvicari.de,@vicari,Freelance Creative Technologist,"Technology, Content","Grant, Self-Funded"
Jetzt,München,http://jetzt.de,@jetzt,"Was junge Menschen jetzt bewegt: Aktuelles mit Tiefe - aus Gesellschaft, Liebe und Sex, Studium und Job, Politik und Popkultur, Musik, TV und Kino.",Content,Misc. Capital
Jochen Spangenberg,"Berlin, Bonn","https://revealproject.eu, jospang.wordpress.com, http://blogs.dw.com/innovation/","@jospang
@RevealEU","About (Social Media) VERIFICATION. Focus: journalism & news. Project results living on in @InVID_EU, @WeVerify and @trulymedia. Contact: @jospang",Technology,Employed
Jochen Wegner,Berlin,https://about.me/jochen,@jochen,"Editor-in-chief of ZEIT ONLINE, Germany's most popular premium news site, and editorial board member of DIE ZEIT, Germany's most widely read weekly newspaper. Winner of the ""Digital Leader 2018"" award from the German Lead Awards, the ""Grimme Online Award"" for the democracy project ""Germany Talks,"" and the 2018 ""Scoop Award"" for digital journalism. Named German ""editor-in-chief of the year"" in 2016.","Content, Technology, Audience Relationship",Employed
Joel Kaczmarek,Berlin,"https://www.digitalkompakt.de
https://www.gruenderszene.de/",@Indivijoel,"Joel Kaczmarek ist Gründer und Chefredakteur des Onlinemagazins Digital Kompakt. In der Fachpublikation setzt sich Kaczmarek analytisch und tiefgründig mit der deutschen Digitalwirtschaft auseinander. Zuvor leitete er vier Jahre lang als Chefredakteur das Onlinemagazin Gründerszene und war Mitgründer des dahinter stehenden Vertical Media Verlags, der im Juni 2014 vom Axel Springer Verlag übernommen wurde.",Content,Employed
Johnny Häusler,Berlin,http://www.spreeblick.com/,@spreeblick,"Johnny Haeusler (* 21. August 1964 in Berlin als Jörg Haeusler) ist ein deutscher Musiker, Blogger, Mediendesigner, Autor und Radio-Journalist. Er ist Frontmann der Rockband Plan B sowie Mitbegründer und Veranstalter der re:publica, einer seit 2007 jährlich in Berlin stattfindenden Veranstaltung rund um das Web 2.0.",Content,"Grant, Misc. Capital"
Jornu,,https://jornu.com/,@jornuDE,"Wir sind ein Journalismusprojekt, das vom Media Lab Bayern finanziert wird. Wir bauen eine Plattform, auf der du Journalisten abonnieren kannst. Hier ist unser erster kleiner Pilotversuch, wie das laufen könnte. Das ist nur ein Mini-Test: Wir freuen uns über Feedback und Wünsche von euch, denn wir wollen dieses Projekt gemeinsam mit euch entwickeln!","Audience Relationship, Technology",Venture Capital
Julia Berger,Berlin,,"@j_brgr
@BusinessPunkMag","Julia Berger ist seit dem 01.01.2018 Leiterin Digital bei Business Punk und hat dort mit großem Erfolg die beiden Dossiers Female Leadership und Nachhaltigkeit eingeführt. Bereits seit August 2016 war sie zuvor in der Digital-Redaktion der G+J Wirtschaftsmedien in Berlin tätig. Bis Ende 2019 ist sie zudem Stipendiatin des Digital Journalism Fellowships der Hamburg Media School, dem ersten durch Facebook geförderten Stipendienprogramm in Deutschland, das sich an Journalist*innen wendet.",Content,Employed
Juliane Leopold,Hamburg,,@julianeleopold,"Leopold studierte Publizistik- und Kommunikationswissenschaft an der Freien Universität Berlin. Danach schrieb sie für die Neue Zürcher Zeitung, den Freitag und Die Zeit. Ihre inhaltlichen Schwerpunkte waren dabei die Themen Technologie und Gesellschaft. Im Jahr 2013 war Leopold Mitgründerin des feministischen Blogs kleinerdrei, dessen Redaktion sie bis Dezember 2018 gemeinsam mit Anne Wizorek leitete. 2014 war das Blog für den Grimme Online Award nominiert.[1][2] Von Oktober 2014 bis Januar 2016 war sie Chefredakteurin der deutschen Ausgabe von BuzzFeed.[3] Bei der Wahl der Journalisten des Jahres 2014 des Medium Magazins belegte sie den zweiten Platz in der Kategorie Newcomer.[4] Ab Juni 2016 arbeitete Leopold als Beraterin für tagesschau.de.[5] Im Juli 2018 übernahm sie dort von Christiane Krogmann die Redaktionsleitung.[6] Im Oktober 2019 wird sie als Chefredakteurin Digitales Teil der Chefredaktion von ARD-aktuell",Content,Employed
Julius Tröger,Berlin,https://juliustroeger.de,@juliustroeger,Head of Visual Journalism @zeitonline | Author @rowohlt | Former Head of Interactive @morgenpost,"Technology, Content",Employed
Kerngedanke,München,https://kerngedanke.com/,@krngdnk,"Bring more content to audiences everywhere in the most authentic way. Serve your existing customers better while winning new audiences. We help you with staying on top of things and focusing on what really matters: your time, your content and your audience.",Technology,Venture Capital
Kr3m,Karlsruhe,https://kr3m.com,@kr3mmedia,"kr3m ist im deutschsprachigen Raum der Marktführer für Playful Business. Wir beliefern fast alle Verlage und Medienhäuser in Deutschland und der Schweiz mit Casual Games, z. B. den Spiegel, den Stern, die ZEIT, BILD, die Cosmopolitan, das Handelsblatt, die Neue Züricher Zeitung u. v. m. Dabei nutzen wir die Strategien der Spiele-Industrie für crossmediale Kampagnen, Kundenbindung und Personalschulung.",Technology,Misc. Capital
Krautreporter,Berlin,https://krautreporter.de,@krautreporter,"Krautreporter ist ein deutsches Online-Magazin, das seit Oktober 2014 erscheint. Die Finanzierung der Plattform erfolgte durch Crowdfunding. Dadurch soll ein unabhängiger Journalismus ohne Werbung ermöglicht werden.","Content, Funding, Business Model, Audience Relationship",Crowd-Funding
Labiotech.eu,Berlin,https://labiotech.eu,@Labiotech_eu,"Labiotech.eu is the leading digital media covering the European Biotech industry. Over 150,000 monthly visitors use it to keep an eye on the business and innovations in biotechnology. Hope you'll enjoy reading our stories!","Content, Business Model",Misc. Capital
LaterPay,München,https://www.laterpay.net/,@laterpay,"Mehr Nutzer zahlen – wenn sie später zahlen können
 Verlage und Websites generieren mit LaterPay bis zu 2,5 mal so viel Umsatz, wenn sie Nutzern anbieten, für Artikel, Videos, Zeitpässe, Abos, werbefreies Lesen und Contributions später zu bezahlen. Anstatt Paywalls zu errichten, bei denen die Zahlung sofort fällig ist.","Technology, Business Model","Venture Capital, Misc. Capital"
Léa Steinacker,Düsseldorf,https://www.leasteinacker.com/,@leasteinacker,"Léa is the Chief Strategy Officer and a member of the founding team of ada, Germany's platform for digital education and future insights by the nation's leading business publisher, Handelsblatt Media Group. She oversees strategy, develops live experiences, and shapes content curation. Together with the founding publisher, Léa hosts a live-stream series on the implications of emerging technologies and workplace developments. In her previous role, Léa acted as the Chief Innovation Officer of WirtschaftsWoche, Germany's leading business magazine, and wrote a bi-weekly column about ""code capital"", a term she coined about the interplay of algorithms, markets, and democracy. 
 
Prior to joining Handelsblatt Media Group, Léa worked with social justice NGOs in Bosnia-Hercegovina, Rwanda, and the Democratic Republic of Congo. She was selected as a 2018 Forbes 30 Under 30 leader, one of Medium Magazine’s Top 30 Under 30 journalists, an Atlantik Brücke Young Leader, and a Leader of Tomorrow by the St. Gallen Symposium. She holds a Master of Public Policy from the Harvard Kennedy School of Government, a Bachelor in International Affairs from Princeton University, and the International Baccalaureate from the United World College of the Atlantic.",,Employed
LIMES,"Hamburg, Berlin","https://blogs.dw.com/innovation/project-limes-the-future-of-augmented-interactive-live-streaming/
https://contentflow.net/",,"With the arrival of high-end smart device cameras, sophisticated gimbals, 4G, and platforms like Twitch or Facebook Live, video live streaming has become immensely popular. Journalists have used the technology to cover breaking news right when and where they are breaking, do spontaneous interviews on a popular social media platform, or cover that really long, yet potentially important press conference both in full and on a budget. Unfortunately, journalistic live streams run the risk of becoming rather boring after a while. They might be exclusive, but they also lack dramaturgy, editing, extra features – which is why viewers tend to tune out. But it doesn’t have to be like that. Journalistic livestreams could be more compelling, and we’ve just started a new DNI project that is ready to tackle the challenge: LIMES, short for Livestreaming & Mixed Reality Management System.",Technology,Grant
Lina Timm,München,https://www.media-lab.de/,"@Luisante
@MediaLabBayern","Als Gründerin und Managing Director des Media Lab Bayern arbeitet Lina Timm daran, mehr Innovation in die Medienbranche zu bringen. Das Media Lab fördert Talente und Teams auf ihrem Weg zum Medien-Startup und hilft Medienhäusern in unterschiedlichen Programmen, eigene Innovationsprojekte zu starten. Lina Timm studierte Germanistik und Soziologie an der Uni Hamburg und wurde an der Deutschen Journalistenschule in München zur Redakteurin ausgebildet. Sie schrieb unter anderem für die Frankfurter Allgemeine Sonntagszeitung oder ZEIT, ihre Beiträge wurden auf ProSieben und ARTE ausgestrahlt. 2016 gründete sie die Slack Community www.digital-journalism.rocks, einen Ort mit über 1200 digitalen Journalisten, die ihre best practices und Expertise online austauschen.","Organizational Structure, Funding, Business Model, Content",Employed
Linius,Berlin,http://linius-storytelling.de/,,"Mit Linius können Sie schnell und einfach bildstarke Geschichten online veröffentlichen! Linius ist einfach schön. Wenn Sie Linius für Ihre Story einsetzen wollen, kontaktieren Sie uns jederzeit gerne.","Technology, Content",Misc. Capital
LinkLift,Berlin,http://www.linklift.de/,@Linklift_DE,Marktplatz für Online-Werbung,Technology,
Lokalpioniere,Bielefeld,https://www.lokalpioniere.de/,,"Lokalpioniere. Das ist der Systemgeber für Ihre City-App. Mithilfe unserer digitalen Infrastruktur bestehend aus App und Webseite bauen Sie sich lokal eine zentrale Marke als Smart City auf. Die Vorteile unseres System liegen klar in der Hand: Jeder Bürger findet alle lokalen Informationen auf seinem Smartphone in der Hosentasche. Lokalpioniere liefert Ihnen dazu ein digitales Geschäftsmodell, das sich auf dem Markt erfolgreich bewiesen hat. Durch unsere Unterstützung kann beim Start Ihrer City-App nichts mehr schief gehen. Worauf warten Sie noch? Informieren Sie sich umfangreich über die Vorteile und Möglichkeiten unseres Systems und starten Sie durch!","Audience Relationship, Business Model, Technology",
Lokalportal,Hamburg,https://lokalportal.de/,@Lokalportal_DE,"Lokalportal ist die digitale Plattform für das lokale Leben. Hier erfährst du auf einen Blick, was in deiner Nähe passiert.","Business Model, Audience Relationship","Misc. Capital, Venture Capital"
Lorenz Matzat,Berlin,https://datenjournalist.de/lorenz-matzat/,@lorz,"Lorenz Matzat is a journalist and entrepreneur in Berlin. In 2011 he founded Lokaler, a software development company for location-based-services. Matzat is the co-founder of AlgorithmWatch,a NGO to shed light on algorithmic decision making processes that have a social relevance. He was the 
 co-founder of the award winning data journalism agency OpenDataCity (he left 2013).","Technology, Content, Funding",Employed
Luminovo,München,https://luminovo.ai/,@luminovo,Lösen Sie Ihre Probleme mit Hilfe von Deep Learning. Wir beschleunigen Ihre repetitiven Arbeitsprozesse auf Basis von Bild und Text. Dabei vereinen wir die Stärken von menschlicher und künstlicher Intelligenz.,Technology,Venture Capital
Lutz Knappmann,Düsseldorf,https://www.wiwo.de,@LKnappmann,"Lutz Knappmann, Jahrgang 1977, ist seit Januar 2018 Chefredakteur von wiwo.de und Mitglied der Chefredaktion der WirtschaftsWoche. Zuvor verantwortete er als Leiter Editorial Innovation den Aufbau neuer Digitalangebote bei der Süddeutschen Zeitung in München und war dort von 2011 bis 2016 stellvertretender Chefredakteur von SZ.de. Aufgewachsen in Dortmund, Journalistik-Studium und Ausbildung an der Deutschen Journalistenschule in München. Stationen bei der Abendzeitung und Börse Online in München, anschließend in Hamburg Finanzredakteur bei manager-magazin.de, sowie Blattmacher und Medienredakteur bei der Financial Times Deutschland.",Content,Employed
Marco Maas,"Hamburg, Berlin",https://datenfreunde.com,@themaastrix,"Marco Maas, Datenjournalist, Gründer und Geschäftsführer von OpenDataCity / Datenfreunde GmbH, ist einer der ersten deutschen Datenjournalisten. Mit zwei Partnern gründete er 2009 die Datenjournalismus-Agentur OpenDataCity und realisierte in den vergangenen 7 Jahren über 100 datenjournalistische Projekte für Kunden wie Spiegel, ARD, ZDF, SZ, Greenpeace und andere. Viele der Projekte sind preisgekrönt, die Agentur hat mehrere Grimme-Preise, Lead-Awards u. v. a. gewonnen.",Technology,Misc. capital
Mark Heywinkel,Berlin,"https://markheywinkel.de
https://ze.tt/",@markheywinkel,Head of Development & stellv. Redaktionsleiter @zett,Content,Employed
Markus Beckedahl,Bonn,https://netzpolitik.org,"@netzpolitik, @republica, @newthinking","Markus Beckedahl ist Gründer und Chefredakteur von netzpolitik.org. Er ist Partner bei newthinking communications GmbH, Gründer der re:publica und Mitglied im Medienrat der Landesmedienanstalt Berlin-Brandenburg. In der Zeit vor netzpolitik.org war er mal bei den Grünen aktiv.",Content,Employed
Martin Hoffmann,Berlin,https://mrtnh.de,@martinhoffmann,"Online journalist. Product, innovation, strategy. Business Development @StroeerMedia und @tonline_news. Father of @ResiApp, @pushthepush, @convjournalism.","Technology, Audience Relationship",Employed
Mashtag,Saarbrücken,https://mashtag.com/,,"Das New-Media-Redaktionssystem Mashtag ist ein automatischer Content-Lieferant und intelligenter Redaktionsassistent. Mashtag kennt die Social-Media-Follower der Redaktion, deren Zielgruppe und die aktuellen Online-Trends. Mit diesen Informationen findet das Redaktionssystem automatisch Content, der perfekt zu den Nutzern des Mediums passt und ihm zu mehr Reichweite verhelfen kann. Das Team mit Miriam Hannah, Vlad Kräuter, Rolf Vogl und Martin Lindemann ist aus dem Saarland nach München gekommen.",Technology,Venture Capital
Media Lab Bayern,München,https://www.media-lab.de/,@medialabbayern,"Wir sind ein Team aus Innovationsexpert*innen, Medienmacher*innen und Eventmanager*innen und arbeiten jeden Tag daran, mehr Innovation in die Medienbranche zu bringen. Wir lieben es, Talente zu unterstützen und zusammenzubringen, starten neue Projekte lieber heute als morgen und finden zu (fast) jedem Problem eine Lösung. Wenn ihr eine Idee habt, Unterstützung braucht oder bei einem Kaffee über die Zukunft der Medien quatschen wollt: Kommt vorbei!","Business Model, Funding, Organizational Structure",Misc. Capital
Media Lift,Hamburg,https://www.nextmedia-hamburg.de/,@nextmediahh,"Heute Idee, morgen Innovation – der Content & Tech Inkubator
Wir fördern eure innovativen Geschäftsideen aus den Bereichen Content und Tech. Ob Studierende, Gründungswillige oder Angestellte großer Medien- und Digitalunternehmen, ob individuelle/r Ideengeber/in oder eingespieltes Team – wir heben eure Idee auf das nächste Level.","Business Model, Funding, Organizational Structure",Public Funding
Media Tech Hub,Potsdam,https://www.mth-potsdam.de/en/frontpage/,@mediatech_hub,"The digital revolution is in full swing: technologies are changing processes, ways of thinking and cultures. Media technologies are the driving force here. They visualise, network, automate and emotionalise. They thus create new realities and business models. The MediaTech Hub Potsdam bundles the local expertise of specialists and visionaries and brings digital change to life.","Business Model, Funding, Organizational Structure","Public Funding, Misc. Capital"
MedWatch,Hamburg / Karlsruhe,https://medwatch.de,@medwatch_de,"Das Team von MedWatch scannt das Netz nach gefährlichen und unseriösen Heilungsversprechen. Einen Schwerpunkt bilden Recherchen aus der Grauzone des Netzes, in der vermeintliche Heiler ihre Wunder anbieten.",Content,Misc. Capital
Merkurist,Mainz,https://merkurist.de,"@Merkurist_biz, @Merkurist_Mainz","Merkurist ist die Lösung für Lokalblogs und -Nachrichtenseiten, die ein cleveres digitales Netzwerk bilden.","Content, Audience Relationship","Venture Capital, Misc. Capital"
MessengerPeople,München,https://messengerpeople.com,@MessengerPeople,"MessengerPeople enables Marketing Automation, Customer Service and Chatbots via Instant Messenger like WhatsApp, Apple Business Chat and Facebook Messenger.","Technology, Audience Relationship","Venture Capital, Misc. Capital"
Miriam Schröder,Berlin,,@von_mirs,Leiterin Tagesspiegel Background Digitalisierung & KI,Content,Employed
Mirko Lorenz,Berlin,https://datawrapper.de,"@mirkolorenz
@Datawrapper","Co-CEO & founder @datawrapper &
 Innovation Manager at Deutsche Welle @dw_innovation",Technology,Employed
MIT KIDZ,Bochum,https://mit-kidz.de,"@mit_kidz
@tapulator",Das Online-Reisemagazin / Digitalguide für eine barrierefreie Familienfreizeit,Content,Grant
Moviepilot,Berlin,https://www.moviepilot.de/,@moviepilot,Film-Portal und -Ratgeber,Content,
Multicast Media,Potsdam,https://www.multicast-media.com/,,Award-winning speech to text audio processing.,Content,
My Country Talks,"Hamburg, Berlin",https://www.mycountrytalks.org,,"My Country Talks is an international platform for political dialogue.
Our goal is to set up one-on-one discussions between people with completely different viewpoints – thus establishing a new form of political debate. Together with our partners, we hope to initiate debates in many countries around the world.","Content, Audience Relationship, Organizational Structure",
Narando,Löhne,https://www.narando.com/,@narandoapp,Plattform zum Abspielen von digitalen Medien,Technology,
Nebenan.de,Berlin,https://nebenan.de,@nebenan_DE,"Das Netzwerk für echte Gemeinschaft. [...] Seit der Gründung von nebenan.de im Jahr 2015 ist nebenan.de kontinuierlich gewachsen, verzeichnet 2019 über 1,2 Mio. Nutzer und beschäftigt derzeit rund 70 Mitarbeiter. Die Nachbarschafsplattform nebenan.de wird von der Good Hood GmbH mit Sitz in Berlin betrieben. nebenan.de wurde 2015 gegründet, um der zunehmenden Anonymität in der Gesellschaft entgegenzuwirken und Nachbarn auf digitalem Weg zu mehr echter lokaler Gemeinschaft zu verhelfen.","Business Model, Funding, Audience Relationship","Public funding, Crowdfunding, Venture Capital, Grant"
NDR NextNewsLab,Hamburg,https://www.ndr.de/,"@ndr
@BjoernSta","Im Newsroom wurde mit dem NextNewsLab eine Innovationseinheit etabliert, die Dreh und Schnitt per Smartphone testet. / Die AG Innovation, die Vorschläge von Kolleginnen und Kollegen für neue Strukturen und Techniken im NDR prüft.",Technology,Public funding
Neeeu,Berlin,https://neeeu.io/,@neeeu_io,Neeeu is an independent design & innovation studio. We specialise in the creation of unique spatial experiences. Join us where digital & physical realities meet,Content,Misc. Capital
Netzwerk Medien-Trainer,Nüringen,https://netzwerk-medien-trainer.de,,,,
Neue Narrative,Berlin,https://neuenarrative.de/,@neuenarrative,"Neue Narrative ist das Magazin für Neues Arbeiten. Es ist geboren in den Herzen einiger Menschen von TheDive, die gemeinsam im Bereich neuer Formen der Wirtschaft arbeiten. In dem Magazin erzählen wir Geschichten aus einer neuen Arbeitswelt, die zum Weiterdenken, Anpacken und Nachmachen einladen. Das machen wir, weil unsere Sehnsucht nach einem guten Heute und einem besseren Morgen einen Platz braucht. Das Wir steht nicht umsonst in Wirtschaft. ",Content,Crowdfunding (zweite Ausgabe)
News-Stream,Sankt Augustin,"newsstreamproject.org, https://www.iais.fraunhofer.de/de/geschaeftsfelder/content-technologies-and-services/referenzprojekte/news-stream.html",@wearenewsstream,News-Stream: Echtzeitanalyse und Auswertung heterogener Nachrichtenströme mittels Big-Data-Technologien.,"Technology, Organizational Structure",Public funding
Newscase,Berlin,https://newscase.com,,News Case provides quality information related to the upcoming gadgets and also technology news. The website covers all the latest tech product reviews and the news about it. You can find information about everything that has happened in the tech fests commenced in any part of the world on this website. News Case provides its users with new updates on technology on a daily basis. It is a perfect place to read the reviews and features about the upcoming products and technologies. There are several guides put up on the website for various gadgets. ,Technology,
Next Media Accelerator,Hamburg,https://nma.vc,@nma_vc,"We are the premier hub for
media innovation in Europe","Business Model, Funding, Organizational Structure",
Niddal Salah-Eldin,Berlin,,@Nisalahe,"Niddal Salah-Eldin, Jahrgang 1985, ist Head of Social Media bei der WELTN24 in Berlin. Die gebürtige Sudanesin studierte Publizistik, Politikwissenschaft und Journalismus in Mainz und Washington, D.C. Praxiserfahrung sammelte sie unter anderem beim ZDF, RTL New York und CNN in Berlin und Washington, D.C. Nach dem Magister-Abschluss arbeitete sie in der Kommunikationsberatung und ging dabei unter anderem ihrer Leidenschaft für Social Media nach. Seit 2014 gehört sie zum Gründungsteam von WELT Social. 2015 wurde die gefragte Social-Media-Expertin und Speakerin vom ‚medium magazin‘ unter die Top 30 bis 30 des Journalismus gewählt.",Content,Employed
Noizz,Berlin,https://noizz.de,@noizzrs,"NOIZZ reports in a contemporary, personal and surprising way on everything that moves the urban and digitally networked target group: from fashion and lifestyle to street art and hip-hop to politics and society. NOIZZ addresses the audience where users are: on smartphones and social media, with texts, images and videos.","Content, Audience Relationship",Misc. Capital
Nora Nagel,Köln,,@realnoranagel,"Sie kam 2016 nach einer Etappe im Wirtschaftsressort der Frankfurter Allgemeinen Sonntagszeitung nach Köln-Ehrenfeld zur bildundtonfabrik und fand seitdem keinen guten Grund, diese wieder zu verlassen. Nach längerer Zeit als Redakteurin vom Neo Magazin Royale und Schulz & Böhmermann, leitet Nora Nagel seit 2017 die Online-Redaktion von ""docupy"", der neuen Doku-Marke von der bildundtonfabrik und dem WDR.",Content,Employed
Nuzzera,Berlin,https://www.nuzzera.de/,@nuzzera,"Nuzzera ist eine zentrale Nachrichtenplattform, die freien Journalisten die Möglichkeit bietet Artikel direkt und unabhängig zu veröffentlichen. Gleichzeitig aggregieren wir Inhalte von etablierten Nachrichtenhäusern und lokalen Zeitungen. Die Vielfalt, die daraus entsteht, personalisiert Nuzzera mit Hilfe von Machine Learning und bringt so die Artikel zum passenden Leser. Dabei streben wir eine Entwicklung in Kopperation mit Journalisten an, um unseren Algorithmus nicht auf reine Click-Bait-Optimierung, sondern auf ausgeglichenes Leseverhalten und Meinungsvielfalt zu trainieren.","Business Model, Audience Relationship",Venture Capital
Opinary,Berlin,https://opinary.com/,@opinary,Opinary is a Berlin-based startup that established a new way for users to share their opinion in online content. Our technology helps 84 million monthly users to share their view with a tap and understand opinion trends at a glance.,"Technology, Business Model",
Pageflow,Köln,https://pageflow.io,@pageflow_io,"Pageflow ist eine Open Source Software und Publishing Plattform für Multimedia Storytelling, die gemeinschaftlich mit dem WDR für den digitalen Journalismus entwickelt wurde. Das Tool ermöglicht die einfache Erstellung bildschirmfüllender Web-Reportagen. Texte, Fotos, Video- und Audiodateien können mit interaktiven Elementen, wie Infografiken, 360° Videos, Hotspots und variablen Storylines zu komplexen Erzählungen arrangiert werden.","Technology, Content",Misc. Capital
Patrick Stotz,Hamburg,https://patrickstotz.github.io,@PatrickStotz,"Data journalism, dataviz & maps @spiegelonline • Project gallery: https://patrickstotz.github.io/",Technology,Employed
Pay with a Tweet,"Hamburg, Berlin",https://www.paywithatweet.com,@paywithatweet,"Viralmarketing-Tool: Das Tool für effektives Empfehlungsmarketing PayWithATweet ist deine Social PayWall. Biete Zugriff auf deine Inhalte,  Angebote und digitalen Waren für den Preis eines Posts oder Tweets.","Technology, Business Model",
Personiq,München,"personiq.de
emvolution.me",@_personiq_,"personiq ist eine Plattform, auf der Nutzer ihre Daten individuell steuern und kontrollieren können. Mit Hilfe von personiq kann der User selbst entscheiden, ob und mit wem er seine persönlichen Informationen teilen möchte. Über ein Plugin sammelt die Lösung automatisch Daten des Nutzers — er selbst hat aber die volle Kontrolle und kann entscheiden, welchen Unternehmen er welche Daten freigibt. Denn Medienhäuser bekommen so Zugang zu einer Vielzahl von Nutzerdaten und können ihre Angebote dank dieser Daten speziell individualisieren — also zum Beispiel die Inhalte auf ihrer Webseite für jeden einzelnen User personalisieren und ihm nur die News anbieten, die ihn wirklich interessieren.",Technology,
Perspective Daily,Münster,"https://perspective-daily.de, https://newsinitiative.withgoogle.com/dnifund/dni-projects/The-Healthy-News-Diet-Assistant/perspective-daily.de",@PDmedien,"Perspective Daily ist ein Online-Magazin, das nach den Prinzipien des Konstruktiven Journalismus arbeitet. Pro Tag erscheint ein einzelner Artikel, insgesamt fünf pro Woche. Diese Artikel sollen neben den Fakten auch Lösungsmöglichkeiten aufzeigen und zur Diskussion anregen. Es gibt eine Kommentarfunktion mit klaren Regeln, die für die Konstruktivität der Beiträge sorgen soll. Perspective Daily finanziert sich ausschließlich über seine Mitgliedsbeiträge. Die ersten 12.000 Jahresmitgliedschaften wurden durch eine Crowdfunding-Kampagne gewonnen, inzwischen zählt Perspective Daily nach eigenen Angaben über 14.000 Mitglieder. Der erste Artikel erschien am 21. Juni 2016. Die Redaktion befindet sich in Münster. 2017 wurde Perspective Daily für den Grimme Online-Preis nominiert.",Content,Grant
Picter,Augsburg,https://www.picter.com,@picter_com,"Picter ist ein Access- und Asset-Management Tool für Fotografie und bildbasierte Medien. Es revolutioniert den Umgang mit Bildern und löst altbewährte FTP-Services wie Wetransfer und Dropbox ab. Picter schafft standardisierte Prozesse, eine einheitliche Infrastruktur zur Bild-Verwaltung und verbindet alle Marktteilnehmer des professionellen Fotografie-Marktes. Das Team mit Claudio Ricci, Simon Karlstetter, Leon Kirchlechner, Richard Stromer und Matthias Lohscheidt ist auch Team unseres Partner-Fellowships mit dem Red Bull Media House.","Technology, Content",Venture Capital
piqd,München,https://piqd.de,@piqd_de,"Deine Programmzeitung für das gute Netz: Kluge Köpfe filtern die besten Beiträge aus dem Netz. Entdecke handverlesene Artikel, Videos und Audios und teile deine eigenen Fundstücke mit uns.","Content, Business Model",
Plantura,München,https://www.plantura.garden/,@PlanturaGarden,"Plantura ist ein digitales Gartenmagazin, das mittels eines datengetriebenen Tech-Frameworks Trend-Themen identifiziert. Dieses Vorgehen resultiert in einer hohen und sehr spezifischen Reichweite innerhalb der Zielgruppe, welche durch sinnstiftende und mehrwertgenerierende Produktplatzierungen monetarisiert wird.","Content, Business Model",Venture Capital
Plenigo,München,https://www.plenigo.com,@plenigo,"Die plenigo GmbH ist ein Technologie-Startup mit Sitz in München. Als erstes und einziges deutsches Unternehmen bietet plenigo Medienhäusern, Verlagen und anderen eine umfassende E-Commerce Plattform, perfekt zugeschnitten auf den Vertrieb digitaler Inhalte. Damit ermöglicht plenigo die flexible Realisierung von Bezahlschranken für Audioinhalte, Texte, Videos und Downloads.",Technology,
Plista,Berlin,https://www.plista.com/de/,@plista,Content- und Werbe-Plattform,Technology,
Policylead,Berlin,www.policylead.eu,@policylead,"360° Politisches Monitoring. Wir informieren über wichtige Initiativen aus allen Politikfeldern. / Policylead bietet eine Plattform für Politikbeobachtung in Deutschland und Europa. Wir helfen Analysten, die Gesetzgebung zu verfolgen und Themen tagesaktuell zu beobachten. Mit intelligenter Software identifizieren wir Trends und Influencer für alle Politikfelder.","Content, Technology",
Prenzlauer Berg Nachrichten,Berlin,prenzlauerberg-nachrichten.de,@prenzlette,"Lokalzeitung für Berlin-Prenzlauer Berg (Wir sind eine Team von jungen Journalistinnen und Journalisten und wollen zusammen mit unseren Leser/innen eine unabhängige, unterhaltsame und streitbare Online-Zeitung für unseren Kiez machen)",Content,
PressMatrix,Berlin,https://pressmatrix.de,@pressmatrix,Mit Digital Publishing Menschen und Geschichten verbinden.,"Content, Technology",Venture Capital
Radmesser,Berlin,interaktiv.tagesspiegel.de/radmesser/,"@plateauton
@Michael_Gegg","Radmesser ist ein Projekt, bei dem mit Sensoren an Fahrrädern Erkenntnisse über die Überholabstände von Autos und die Sicherheit von RadfahrerInnen in Berlin gesammelt und journalistisch verarbeitet wurden.","Technology, Content",Grant
ReadersClub,Hamburg,"https://newsinitiative.withgoogle.com/dnifund/dni-projects/readers-club/, dumontnext.de",,"DuMont.next, the digital unit of DuMont, will partner up with German campaign agency Zum goldenen Hirschen to develop ReadersClub: a loyalty program for the readers and users of Hamburger Morgenpost's news site mopo.de. The program's aim is to strengthen the customer retention by awarding user engagement onsite with special promotions. The solution: reward user engagement! Each action taken by registered readers on the site such as reading an article, participating in a survey or signing up for a newsletter credits them with points in their membership account. Upon reaching predetermined levels, special promotions, coupons and discounts will be unlocked.","Technology, Audience Relationship",Grant
Rene Bucken,Hamburg / Düsseldorf,,@renebucken,René Bucken ist seit Anfang 2017 Koordinator des VOCER Innovation Medialab.,Technology,Employed
Reporterfabrik,Essen,https://www.reporterfabrik.org,@reporterfabrik,"Journalistenschule für jede und jeden. Nie vorher war die mediale Öffentlichkeit vielfältiger. Aber: Nie vorher war die mediale Öffentlichkeit unqualifizierter. Die Reporterfabrik will helfen, die Öffentlichkeit zu qualifizieren.",Business Model,
Retresco,Berlin,https://www.retresco.de,@retresco,"Retresco is one of the world's leading companies in the field 
 of AI-driven content automation. Our solutions support you 
 in automating processes, making communication more effective and reaching new target audiences.",Technology,
Richard Gutjahr,Bonn,https://gutjahr.biz/,@gutjahr,"Deutscher Moderator, Journalist und Blogger.",Content,Misc. Capital
RiffReporter,"Berlin, Bremen",riffreporter.de,@riffreporter,"Unabhängige Magazine von freien ReporterInnen. Auf RiffReporter bieten 90 freie JournalistInnen aktuell 30 Digital-Magazine zu Umwelt, Wissen, Gesellschaft, Kultur und Technologie. Unabhängig. Werbefrei. Leserfinanziert.",Content,
Salonkolumnisten,Bremen,https://www.salonkolumnisten.com/,@Salonkolumnist,"Wir sind ein bunter Haufen. Wir arbeiten für die „taz“ und die „Welt“, für den „Focus“ und … und … und … Unter uns befinden sich SPD- und CDU-, Wechsel- und Garnichtwähler, Grüne, Anhänger der Demokraten und der amerikanischen Republikaner, Monarchisten, Anarchisten, Konservative und Liberale, liberalkonservative Sozialdemokraten und sozialliberale Anarchokonservative – und sogar ein paar Mitglieder der FDP. Wir wohnen in München, Bremen, Berlin, Freiburg, Hamburg, Lissabon, bei Stuttgart, Washington und New York. Unter uns befinden sich Gläubige, Ungläubige und Ketzer. Wir streiten gern und herzlich, auch untereinander.","Content, Audience Relationship",Misc. Capital
Sascha Venohr,Berlin,,@venohr,"Head of Data Journalism & editor investigative team Die Zeit und Zeit Online, Co-Organizer of HacksHackers Berlin",Content,Employed
Schwingenstein Stiftung,München,http://schwingenstein-stiftung.de/,,Wir arbeiten an zukunftshähigen Konzepten und Modellen für Journalismus und seine Vermarktung.,"Technology, Business Model",
ShareMagazines,Hamburg,https://sharemagazines.de/,@sharemagazines,"Unzufrieden mit Ihren zerlesenen, veralteten oder geklauten Zeitschriften? Unsere App bietet Ihren Kunden über 400 digitale Tageszeitungen und Magazine aus aller Welt! Immer aktuell! Immer sortiert! Nie vergriffen!","Business Model, Technology",
Shelfd,Berlin,"https://shelfd.com, https://www.vocer.org/shelfd-ist-da-und-so-geht-es-jetzt-weiter/","@Shelfd
@DaviidStreit","Shelfd.com​ ist eine Streaming-Plattform mit dem Fokus auf Kuration. Bei uns findest du die besten Spielfilme, Dokumentationen und Serien aus den deutschen Mediatheken. Dabei produzieren oder hosten wir keine eigenen Videos, sondern durchforsten das Netz für unsere Nutzer nach den kostenlosen Highlights.​",Business Model,
ShowHeroes,Hamburg,https://showheroes.com/,"@Ilhan_Zengin
@kcon","ShowHeroes solutions address the lack of affordable, mobile-optimized video content, which leads to a shortage of video supply by turning premium publishers' reach into high margin Mobile video inventory - data driven, cross channel, at scale.",Technology,
Simon Jockers,Berlin,"https://simonjockers.de, https://datengui.de",@sjockers,"Simon Jockers arbeitet an der Schnittstelle zwischen Softwareentwicklung und Journalismus. Er entwickelt Tools, die Journalist*innen bei der Arbeit mit Daten unterstützen und ist Mitgründer und Leiter des Projekts Datenguide, einer Open-Data-Initiative die regionale Statistiken zugänglicher für Journalist*innen macht. Davor war er mehrere Jahre als Datenjournalist bei dem gemeinnützigen Recherchezentrum correctiv.org.",Content,Misc. funding
SMARTPAPER ONE,Essen,https://zeitungsdruck-online.de/smartpaper-one,,SMARTPAPER ONE. Der neue Editor bietet Designvorlagen für individualisierte Zeitungen an. Tool ermöglicht Kunden die einfache und schnelle Gestaltung einer individuell gedruckten Zeitung auch in Kleinstauflage (ab 1 Exemplar).,"Business Model, Technology",
SoundTicker,"München, Kirchseeon",https://soundticker.com/,SoundtickerDE,Deine Musik. Deine Nachrichten. Dein persönlicher Mix! Jederzeit in einer App. - Hör nur was Du willst!,"Technology, Business Model",Venture Capital
SourceFabric,Berlin,https://www.sourcefabric.org/,@sourcefabric,Open Source Tools for Journalism,"Technology, Funding",
Spaactor,Bremen,https://www.spaactor.com,@spaactor,"Suchmaschine für Gesprochenes. Spaactor beschäftigt sich als Internet Suchmaschine mit öffentlich verfügbaren gesprochenen Inhalten aus Mediatheken, Youtube, Podcasts, Radio und Fernsehen. Somit ist Spaactor eine übergreifende Video Suchmaschine, eine Podcast Suchmaschine und eine Mediatheken Suchmaschine.",Technology,
Spectrm,Berlin,"https://spectrm.io, https://newsinitiative.withgoogle.com/dnifund/dni-projects/spectrmpublishing/",@Spectrm_,Spectrm is a conversational AI platform that enables brands to have 1:1 conversations on messaging apps.,"Technology, Audience Relationship",Grant
Spiegel Techlab,Hamburg,https://www.spiegel-techlab.de/,,"Die SPIEGEL Tech Lab GmbH ist ein Tochterunternehmen der SPIEGEL-Verlagsgruppe mit Sitz in Hamburg. Als zentrale Einheit konzipieren und entwickeln wir die Mobil- und Web-Angebote der Verlagsgruppe. Wir sind ein Team von Designern, Entwicklern und Projektmanagern. Gemeinsam identifizieren wir Konzepte, erforschen Möglichkeiten und definieren Ziele. Damit schaffen wir die Voraussetzungen, um effektive und relevante Lösungen zu entwickeln.",Technology,Misc. funding
Spree,Nürnberg,"https://www.iis.fraunhofer.de/de/ff/lv/lok/proj/holodeck.html
https://holodeckvr.co",@HolodeckVR,"Holodeck 4.0: Virtual Reality und modernste Sensortechnologien eröffnen neue Wege, sich in einem virtuellen Raum zu bewegen. Das Team von Holodeck 4.0 hat am Fraunhofer-Institut für integrierte Schaltungen IIS eine Technologie entwickelt, mit der sich der Besucher frei bewegen und in das Geschehen eintauchen kann. Der Nutzer wird selbst zum Akteur, kann die neuesten interaktiven Spiele erkunden oder Kulturstätten der Vergangenheit bereisen. Im Media Lab wollen Jonathan Nowak, Dr. Stephan Otto und Christian Daxer diese Technologie nun auch im Journalismus ausprobieren.","Technology, Audience Relationship",Grant
Steady,Berlin,https://steadyhq.com,@joinsteady,Steady enables digital publishers to monetise their content by building a revenue stream from subscriptions.,"Technology, Busines Model",Grant
Stefan Ottlitz,Hamburg,,@hierprivat,"Stefan Ottlitz (formerly Plöchinger), born in 1976, has been Product Manager of the SPIEGEL Group since 2018. Previously he was editor-in-chief of SZ.de and member of the editorial board of the Süddeutsche Zeitung, editor-in-chief of SPIEGEL ONLINE, editor of the Financial Times Deutschland and the Münchener Abendzeitung.","Technology, Content",Employed
Stern Crime,Hamburg,https://stern-crime.de,@DiGrazia_,"Der ""Stern""-Ableger ""Crime"" erzählt die Geschichten wahrer Verbrechen.",Content,
Storymachine,Berlin,https://storymachine.com,@jessenphil,"Wenn sich zwei bunte Hunde der Medienszene mit einem weithin bekannten Eventmanager für ein Startup zusammentun, ist ihnen die Aufmerksamkeit der Branche gewiss. Doch auch eineinhalb Jahre nachdem Ex-Bild-""Babo"" Kai Diekmann, der frühere stern.de-Chef Philipp Jessen und PR-Profi Michael Mronz ihre Agentur gründeten, ist über Storymachine nur wenig bekannt. Über Kunden spricht man nicht, lautet die Devise. CEO Philipp Jessen nennt gegenüber MEEDIA die Gründe für diese ungewöhnliche Firmenpolitik und sein größtes Problem: die richtigen Mitarbeiter zu finden.",Business Model,
Storypepper,Hamburg,Grant,@cutnut_official,The Cutnut Story Editor is the easiest solution to create and share vertical stories for publishers and brands. One tool for social media and AMP Stories.,Technology,Grant
Straight,Berlin,https://www.straight-universe.com,@straight,We are celebrating Female Queerness,Content,
Straßengezwitscher,Dresden,https://strassengezwitscher.de,@streetcoverage,"Twitter-Projekt. Reportagen und Liveticker von dort, wo es brennt. Gegen Rassismus und Fremdenfeindlichkeit.",Content,Crowdfunding
tactile.news,Lüneburg,"https://tactile.news, https://miz-babelsberg.de/tactile-news-cms",@FrauCsu,"Mit tactile.news entwickeln wir eine innovative Audio-Nachrichtenplattform für Kinder zwischen vier und zwölf Jahren. Wir wollen journalistischen Inhalten den Weg zurück ins Kinderzimmer ebnen – mithilfe von vernetzten Spielfiguren. Denn digitaler Kinder-Content gehört auf Kindergeräte, finden wir. Wir wollen digitales Erzählen, ohne das Risiko des Abhörens oder Ausspionierens, ermöglichen.","Technology, Content",Grant
Tagesspiegel Background,Berlin,https://background.tagesspiegel.de/,@tagesspiegel,"Lesen Sie die exklusiven Entscheider-Briefings zu ""Digitalisierung & KI"", ""Energie & Klima"" sowie ""Mobilität & Transport"". Das bietet Tagesspiegel Background mit seinen großen Experten-Redaktionen. Erhalten Sie exklusive, aktuelle Hintergrundinformationen für die hohen Ansprüche von Entscheidern. Jeden Morgen per E-Mail. Vom Tagesspiegel, der Nr. 1 für Politik-Entscheider aus der Hauptstadt.","Content, Business Model",Misc. Capital
Tagesspiegel Innovation Lab,Berlin,https://www.tagesspiegel.de/themen/presseportal/personalie-tagesspiegel-startet-innovation-lab/23905018.html,"@plateauton
@rka","Tagesspiegel institutionalisiert sein Datenjournalismus-Team und nennt es nun Innovation Lab. Es besteht aus insgesamt fünf Redakteuren, Entwicklern und KI-Experten, Leiter ist Hendrik Lehmann. Das Team soll den ""Tagesspiegel"" auf die ""kanalübergreifende Zukunft des Journalismus"" vorbereiten und wurde bereits für seine Arbeit ""Radmesser"" ausgezeichnet. ","Technology, Content",Misc. Capital
Tagesspiegel Leute,Berlin,https://newsinitiative.withgoogle.com/dnifund/report/telling-local-stories/tagesspiegel-leute-making-local-news-work/,@TspLeute,Tagesspiegel LEUTE provides digital local news to subscribers in 12 districts of Berlin.,"Content, Business Model",Grant
Tame,Berlin,tame.it,@FrederikFischer,Das Google für Twitter: Jede Sekunde etwas Neues. Das ist Twitter. Die wichtigsten Tweets gebündelt zu Geschichten. Das ist Tame.,Technology,Misc. Capital
Teresa Bücker,Berlin,https://teresabuecker.de/,@fraeulein_tessa,"Teresa Bücker arbeitet, schreibt und spricht zu gesellschaftspolitischen Fragen der Gegenwart und Zukunft. Auf Konferenzen, im Fernsehen und in Workshops diskutiert sie über den Wandel der Arbeitswelt (New Work, Leadership, Diversity), digitale Strategien für Journalismus und Politik, über Partizipation und Aktivismus, Gerechtigkeit, Repräsentation, Macht und sexuelle Selbstbestimmung. Immer aus einer feministischen Perspektive. Immer mit Blick auf Gestaltungsmöglichkeiten und Lust auf Veränderung. Ihre Diskussionsbeiträge sind so klug und klar, dass Spiegel Online über sie schrieb, „dass man sie am liebsten in jeder Sendung dabei hätte. Thema egal.“ Ihre Karriere begann 2008, als „der Freitag“ ihr Blog entdeckte und sie als Community-Chefin engagierte – Pionierarbeit. Anschließend beriet sie die SPD als Digitalstrategin – erst den Parteivorstand, dann die Bundestagsfraktion. Sie liebt den Beginn und den Aufbau neuer Organisationen, für ihre Arbeit als Chefredakteurin für das Frauenportal Edition F wurde sie 2017 als „Journalistin des Jahres“ ausgezeichnet. Seit Juni 2019 arbeitet sie als freie Journalistin und Beraterin.",Content,Employed
Textunes,Berlin,http://textunes.de,@textunesberlin,Textunes is the leading multi-device publishing Platform for publishers’ content on Smartphones and Tablet PCs.,"Technology, Business Model",
The Buzzard,"Leipzig, Esslingen am Neckar",https://thebuzzard.org,"@TheBuzzardOrg
@felixfrie
@Dario_Nassal","Unsere Redaktion trägt Medienstimmen vom ganzen Meinungsspektrum zusammen, die echtes Verständnis möglich machen.","Content, Business Model",Grant
The Master Graph,München,"https://newsinitiative.withgoogle.com/dnifund/dni-projects/master-graph/, http://www.mediennetzwerk-bayern.de/16605/wissensgraph-die-quelle-der-wahrheit/, ippen-digital.de",@ID_gmbh,"Ippen Digital will seinen Lesern personalisierte Inhalte anbieten. Gleichzeitig soll die Recherche für Redakteure einfacher werden. Dazu baut das Münchner Unternehmen an einer zentralen, vernetzten Wissensdatenbank: The Master Graph. Die Graph-Technologie soll Datensilos aufbrechen und alles miteinander verbinden. „Wir wollen erfahren wie Inhalte aufgebaut, wie sie mit unseren Nutzern verknüpft sind, wo vertriebliche Informationen eine Rolle spielen“, führt Franz aus. Das große Ziel dahinter: ein „Local Knowledge Graph“, eine zentrale Wissensdatenbank. „Wir wollen uns von einer reinen Informations- zu einer Wissensplattform entwickeln. Die Graph-Technologie ist ein wesentlicher Baustein, um diesen evolutionären Schritt zu gehen.“",Technology,Grant
The Shotcaller,Berlin,https://theshotcaller.net,@TheShotcallerGG,"The Shotcaller combines high standards of traditional journalism with a huge passion for esports. As one main part of this mission, The Shotcaller goes beyond headlines and feeds them with real context to make esports more tangible for everybody. On the long path to nurture esports culture, The Shotcaller gives a voice to everybody, who is willing to partake in the public exchange of opinions surrounding esports",Content,
Thomas Knuewer,Düsseldorf,https://kpunktnull.de,@tknuewer,"Founder of digital consultancy @kpunktnull, Blogger at Indiskretion Ehrensache, co-founder of influencer award @goldeneblogger, podcaster with @leberschmerz.","Content, Organizational Structure",Employed
Thorsten Pannen,Hamburg,https://zeit.de,@isidorvonaltona,"Thorsten Pannen (Foto), 47, ist ab dem 1. Januar 2015 Leiter Produktentwicklung von ""Zeit Online"". Pannen wird in seiner neu geschaffenen Position ein Team von drei Mitarbeitern leiten.","Technology, Content",Employed
Tilo Jung,Berlin,https://jungundnaiv.de,"@TiloJung
@JungNaiv",Freier Chefredakteur | Free Editor-in-Chief since 1985 | Creator of @JungNaiv | Liebhaber jeder Regierung | Part of @AufwachenPod (EN/DE),"Content, Funding","Crowdfunded, donations"
Tincon,Berlin,https://tincon.org/,@tincon,"Guten Tag, wir sind die TINCON. Wir veranstalten Events mit und für Menschen zwischen 13 und 21. Es geht um Kultur, Technik, Games, Bildung, Science, YouTube, Code, Musik, Lifestyle, Politik und Gesellschaft. Also um alles. Aber vor allem um euch.",Content,
Tobias Köhler,Stuttgart,https://www.swmh.de/,@tokoe,"Corporate Entrepreneur bei der Südwestdeutschen Medienholding - dem Unternehmen hinter @sz, @stz_news, @wuv & many more.",Organizational Structure,Employed
Traffective,München,https://traffective.com,@traffective,"Anstatt einzelne Werbemarktplätze manuell in unterschiedlichen Systemen zu betreiben, ermöglicht die Technologie das Management und die Erfolgsmessung über ein zentrales System.",Technology,
Trend Recognition Module for the Listening Center,Düsseldorf,https://newsinitiative.withgoogle.com/dnifund/dni-projects/trend-recognition-module-listening-center/,@rpo_digitale,"Identifies topics that are relevant to each journalist and measures the social-impact of this url to find out, if this is either a global or a local trend and if it is going to be an important story within the next few hours or days. All journalists have personalized access to the Listening Center and can check out all trending topics that are relevant to their area of coverage. With data from 400 million news sources, the news ecosystem represents a huge challenge nowadays. Therefore, the Trend Recognition algorithm is needed to analyse, in real-time, all the relevant different sources.",Technology,Grant
Truly Media,"Bonn, Athen",https://truly.media,@trulymedia,"Collaborative online platform to find, organise & verify UGC. Find tricks & tips for #verification here. Initiative of @dw_innovation & @iLabATC","Technology, Audience Relationship",Grant
Übermedien,Berlin,https://uebermedien.de,"@uebermedien
@topfvollgold","Übermedien berichtet, Überraschung: über Medien. Seit Anfang 2016 setzen wir uns hier kontinuierlich mit der Arbeit von Journalistinnen und Journalisten auseinander. Medienportal von Stefan Niggemeier und Boris Rosenkranz.","Content, Funding",
Ubermetrics,Berlin,https://www.ubermetrics-technologies.com/,@ubermetrics,"uberMetrics Technologies is a technology provider for (social) media monitoring. The tool uberMetrics DELTA gathers data from public communication, extracts the relevant content for the client and makes it accessible in a SaaS-Tool for its analysis.",Technology,Venture Capital
Umatter.news,,https://umatter.news,"@umatternews
@stein_cedric","Plattform für strukturell unabhängigen Journalismus, bei dem der Leser entscheidet, was Schlagzeile macht.","Content, Audience Relationship",
Upday,Berlin,https://upday.com,@updayDE,"Unser Redaktionsteam stellt dir rund um die Uhr die Top News des Tages zusammen. So verpasst du kein wichtiges Ereignis und bist immer auf dem Laufenden. Die Redakteure fassen die Nachrichten kurz für dich zusammen. Wenn du mehr Hintergrundinformationen zum Geschehen möchtest, klicke einfach auf die Top News-Artikelkarte und lies den Originalartikel.",Technology,
Upspeak,Landau a.d.Isar,https://www.upspeak.de/de,@Upspeakapp,Dein Mentor im Ohr. Bring dein Leben aufs nächste Level mit der #1 kostenlosen Audio-Mentoring App für persönliche und berufliche Weiterentwicklung,"Technology, Business Model",Venture Capital
Varia,München,https://www.varia.media/,@variamediagroup,"Varia will die Filterblase zum platzen bringen — ganz einfach per Browser Extension. Zu jedem gelesenen Artikel aus digitalen Publikationen bietet Varia alternative Perspektiven und hilft Lesern so, sich ohne Mehraufwand umfassender zu informieren. Einseitige Informationen, die uns aufgrund von Algorithmen zugeteilt werden, fördern intolerantes und unkritisches Denken, glauben die Grüner. / At Varia, we are building a new kind of news platform with a simple but important vision: Making complementary information of high quality easily accessible and consumable for everyone.",Technology,Venture Capital
Versicherungsmonitor,Köln,https://versicherungsmonitor.de/,@VMonitor,Tägliche Nachrichten aus der Versicherungswirtschaft,"Content, Funding, Business Model",
VICE Deutschland,Berlin,https://www.vice.com/de,@Vice_Germany,"VICE ist ein werbefinanziertes und ursprünglich kanadisches Lifestyle- und Jugendmagazin. Die mittlerweile in New York ansässige Online- und Print-Zeitschrift besitzt mehrere Ableger in verschiedenen Ländern. Herausgeber ist das Unternehmen Vice Media. Die deutsche Ausgabe erscheint seit August 2005, die österreichische und schweizerische Ausgabe seit 2007. Die Zeitschrift beschäftigt sich hauptsächlich mit zeitgenössischer Jugendkultur, dabei beinhaltet es auch kontroverse Themen wie Sex, Drogen und Gewalt sowie länderübergreifend wichtige Sozialprobleme oder politische Konflikte. ""VICE ist ein unendlich expandierendes Kontinuum für investigativen Journalismus, unbequeme Sozialstudien und preisgekrönte Dokumentationen."" (Selbstbeschreibung)",Content,
Videovalis,Köln,https://www.videovalis.de/,@ReisenTV_VV,"Die Videovalis Media GmbH & Co. KG ist einer der führenden unabhängigen nationalen Online-Video-Dienstleister und verbindet hochwertigen Video-Inhalt, innovative Technologien und umfassende Video-Vermarktung. Publisher erhalten hochwertigen top-aktuellen Content, einen State-of-the-Art Player und den Zugang zu einem flexiblen Online-Redaktionssystem. ","Technology, Business Model",
Vivoico,München,http://www.vivoico.de/,"@vivoico
@Manu_Geitner","Wie kann man Expertenwissen mit der Redaktionsarbeit vernetzen? Mit dem Dienst ""Vivoico"" will Gründer Manuel Gaitner redaktionelle Inhalte mit Zusatzinformationen durch Experten versehen. ""So erhält der Nutzer zusätzlichen Mehrwert und die Publisher eine höhere Verweildauer auf ihren Seiten"", erklärt Gaitner. Ziel des Systems sei es, die Nutzer auf die eigene Seite zu bringen, anstelle sie auf sozialen Netzwerken anzusprechen.","Content, Business Model",Venture Capital
Vocer,Hamburg,https://www.vocer.org,@voiceofvocer,"VOCER (sprich: [ˈvoːkər]) ist das erste journalistische Internet-Projekt in Deutschland, das sich ausschließlich über Stiftungsgelder und Spenden finanziert. Es wird herausgegeben vom gemeinnützigen Verein für Medien- und Journalismuskritik (VfMJ), der sich für Vernetzung von Medienkritik und journalistische Nachwuchsförderung engagiert.",Funding,"Donations, endowments"
Volker Matthies,München,https://netzwerk-medien-trainer.de/team/volker-matthies/,@VolkerMatthies,"Volker Matthies ist medienübergreifend ausgebildeter Journalist. Seine Medienerfahrung speist sich aus Tätigkeiten als Hörfunk-Nachrichtenredakteur, Fernseh-Producer und -Moderator sowie Online-Autor und -CvD. In den letzten Jahren lag sein Schwerpunkt auf der Verantwortung von Crossmedia-Projekten und der Entwicklung medienübergreifender Strukturen. Im Bayerischen Rundfunk arbeitet er in der neu geschaffenen Informationsdirektion. Dort hat er das Storytelling-Tool 'Linius' erfunden. An der Harvard Business School (HBX) hat er ""Disruptive Strategy"" mit Prof. Clayton Christensen studiert. An der Universität Boston (edX) hat er ""Digital Transformation Strategy"" mit Prof. Venkat Venkatraman studiert. Sein Tätigkeitsschwerpunkt im netzwerk medien-trainer liegt auf der Begleitung strategischer Veränderungsprozesse. In Europa und den USA hat er mehr als 40 Newsroom-Modelle kennengelernt und analysiert. Als einer der Gründer des netzwerk medien-trainer ist er Beauftragter für das Qualitätsmanagement.","Business Model, Technology","Employed, Misc. Capital"
Volker Stollorz,Köln,https://sciencemediacenter.de,"@Stollovo
@smc_germany","#Wissenschaftsjournalist aus Leidenschaft. Redaktionsleiter #sciencemediacenter germany. My working ethic as a science journalist: Mind the gap please. / Science Media Center: ""Jeder hat Meinungen – wir suchen Argumente. Das Science Media Center liefert Journalisten fundierte Fakten und echte Expertisen aus der Wissenschaft. / Urteilskraft = Wissenschaft mal Journalismus zum Quadrat. So lautet die SMC-Formel.""","Content, Business Model",Employed
Vragments,Berlin,https://vragments.com,"@vragments
@Lynda420
@HelrenPDM","Das Berliner VR-Startup entwickelt journalistische VR-Projekte in Kooperation mit Redaktionen. Darüber hinaus entwickelt Vragments das VR-Produkt Fader, mit dem Journalisten schnell und einfach VR-Geschichten interaktiv produzieren und veröffentlichen können.","Content, Technology",
Wafana,München,https://wafana.de/,"@wafana_de
@Johanna_Wild",Wafana ist die erste digitale Fact-Checking-Agentur im deutschsprachigen Raum. Wir bieten Fortbildungen zur Verifikation von Online-Inhalten.,Business Model,Venture Capital
Webmag,"München, Berlin",https://webmag.io/,@webmag_io,"Der einfache Weg zum digitalen Content Marketing. Mit Webmag erstellen Sie digitale Sales- und Marketing-Materialien ganz einfach selbst – responsiv, interaktiv, messbar. Sie brauchen keine Designer, IT-Ressourcen oder Agenturen. Nur Content.",Technology,Venture Capital
Webtrekk,Berlin,https://www.webtrekk.com/,@webtrekk,"Webtrekk is a customer intelligence platform that allows you to connect, analyze and activate your user and marketing data across all devices",Technology,
What's hot,Düsseldorf,"https://videoguide-duesseldorf.de, 
https://www.journalismuslab.de/2018/07/19/hackathon-2018-team-whats-hot-im-interview/","@LauraRohrbeck
@Kleebart","„What‘s hot“ analysiert Twitter-, Instagram- und Facebook-Posts nach Schlagwörtern, Hashtags und Emojis und benutzt Geologging. Automatisch werden die Posts nach harten oder bunten Themen sortiert, etwa Missständen oder tollen Spontanpartys. Das ganze wird auf einer Karte angezeigt – in einer Art Heatmap. Als Lokaljournalist, aber auch als Influencer kann ich sehen, wo gerade etwas passiert oder wo in den vergangenen Tagen viel gepostet wurde.",Technology,Grant
Wolfgang Büchner,Berlin,,@wbuechner,"He worked for Deutsche Presse-Agentur.[1] From September 2013 to December 2014 Büchner was Editor-in-chief for German magazine Der Spiegel. Since July 1, 2015 he works for Swiss newspaper Blick. He is member of organisation Reporters Without Borders.",Organizational Structure,Employed?
Y-Kollektiv,Bremen,"http://sendefaehig.com/
https://www.youtube.com/channel/UCLoWcRy-ZjA-Erh0p_VDLjQ",@Y_Kollektiv,"Ein Netzwerk von jungen JournalistInnen. In unseren Web-Reportagen zeigen wir die Welt, wie wir sie erleben. Wir mögen subjektive, menschliche Geschichten.","Content, Organizational Structure",Public funding
Yeebase,Hannover,"https://yeebase.com
https://t3n.de","@yeebase
@t3n","Online- & Printmedien für Digitalarbeiter. yeebase media ist ein innovatives Medienunternehmen. Uns faszinieren neue Technologien, das Web und digitale Geschäftsmodelle. Darüber schreiben wir. Mit viel Liebe zum Detail.",Content,Misc. Capital
Zaubar,Berlin,https://zaubar.com,"@zaubarApp
@AnneSophiePunkt
@StefanMarx","Zaubar ist eine Publikationsplattform, mit der JournalistInnen ohne Vorerfahrung Augmented-Reality-Erlebnisse aus Multimediainhalten erstellen können.","Technology, Content","Grant, Venture Capital Firm"
Ze.tt,Hamburg,https://ze.tt/,@zett,"ze.tt ist die neue Online-Plattform für Geschichten, Ideen und Gefühle.",Content,Misc. Capital